{
    "numeric_correlation_matrix": {
        "Age": {
            "Age": 1.0,
            "Income": -0.0012440951772179295,
            "LoanAmount": -0.0022127412940721493,
            "CreditScore": -0.000548170889670718,
            "MonthsEmployed": -0.00034138798341611017,
            "NumCreditLines": -0.0008897679592780232,
            "InterestRate": -0.0011273828266816224,
            "LoanTerm": 0.00026334511208197435,
            "DTIRatio": -0.00468919169552447,
            "Default": -0.16778316487134473
        },
        "Income": {
            "Age": -0.0012440951772179295,
            "Income": 1.0,
            "LoanAmount": -0.0008653256559258077,
            "CreditScore": -0.0014304474455625973,
            "MonthsEmployed": 0.0026748769580619922,
            "NumCreditLines": -0.002016409660960607,
            "InterestRate": -0.0023034252520303315,
            "LoanTerm": -0.0009981963141304933,
            "DTIRatio": 0.00020549666332304357,
            "Default": -0.09911948445660432
        },
        "LoanAmount": {
            "Age": -0.0022127412940721493,
            "Income": -0.0008653256559258077,
            "LoanAmount": 1.0,
            "CreditScore": 0.001261269570844195,
            "MonthsEmployed": 0.0028168362581519066,
            "NumCreditLines": 0.000794404890429635,
            "InterestRate": -0.002291119036466528,
            "LoanTerm": 0.0025379660221923938,
            "DTIRatio": 0.0011224209453060236,
            "Default": 0.08665917723783684
        },
        "CreditScore": {
            "Age": -0.000548170889670718,
            "Income": -0.0014304474455625973,
            "LoanAmount": 0.001261269570844195,
            "CreditScore": 1.0,
            "MonthsEmployed": 0.0006128272709389277,
            "NumCreditLines": 1.604201408458562e-05,
            "InterestRate": 0.0004361386910160101,
            "LoanTerm": 0.001130365489964517,
            "DTIRatio": -0.0010392521435915508,
            "Default": -0.03416649376077075
        },
        "MonthsEmployed": {
            "Age": -0.00034138798341611017,
            "Income": 0.0026748769580619922,
            "LoanAmount": 0.0028168362581519066,
            "CreditScore": 0.0006128272709389277,
            "MonthsEmployed": 1.0,
            "NumCreditLines": 0.0012671192124848027,
            "InterestRate": 9.557276497347878e-05,
            "LoanTerm": -0.0011660635550039937,
            "DTIRatio": 0.001764626807652782,
            "Default": -0.09737382897017165
        },
        "NumCreditLines": {
            "Age": -0.0008897679592780232,
            "Income": -0.002016409660960607,
            "LoanAmount": 0.000794404890429635,
            "CreditScore": 1.604201408458562e-05,
            "MonthsEmployed": 0.0012671192124848027,
            "NumCreditLines": 1.0,
            "InterestRate": -0.00029664943599723594,
            "LoanTerm": -0.0002257908631772219,
            "DTIRatio": -0.0005862296597308046,
            "Default": 0.028329721809229422
        },
        "InterestRate": {
            "Age": -0.0011273828266816224,
            "Income": -0.0023034252520303315,
            "LoanAmount": -0.002291119036466528,
            "CreditScore": 0.0004361386910160101,
            "MonthsEmployed": 9.557276497347878e-05,
            "NumCreditLines": -0.00029664943599723594,
            "InterestRate": 1.0,
            "LoanTerm": 0.000892008038787286,
            "DTIRatio": 0.0005753188165534186,
            "Default": 0.13127301527989463
        },
        "LoanTerm": {
            "Age": 0.00026334511208197435,
            "Income": -0.0009981963141304933,
            "LoanAmount": 0.0025379660221923938,
            "CreditScore": 0.001130365489964517,
            "MonthsEmployed": -0.0011660635550039937,
            "NumCreditLines": -0.0002257908631772219,
            "InterestRate": 0.000892008038787286,
            "LoanTerm": 1.0,
            "DTIRatio": 0.0022730945134289376,
            "Default": 0.0005446976963164581
        },
        "DTIRatio": {
            "Age": -0.00468919169552447,
            "Income": 0.00020549666332304357,
            "LoanAmount": 0.0011224209453060236,
            "CreditScore": -0.0010392521435915508,
            "MonthsEmployed": 0.001764626807652782,
            "NumCreditLines": -0.0005862296597308046,
            "InterestRate": 0.0005753188165534186,
            "LoanTerm": 0.0022730945134289376,
            "DTIRatio": 1.0,
            "Default": 0.019235981039707934
        },
        "Default": {
            "Age": -0.16778316487134473,
            "Income": -0.09911948445660432,
            "LoanAmount": 0.08665917723783684,
            "CreditScore": -0.03416649376077075,
            "MonthsEmployed": -0.09737382897017165,
            "NumCreditLines": 0.028329721809229422,
            "InterestRate": 0.13127301527989463,
            "LoanTerm": 0.0005446976963164581,
            "DTIRatio": 0.019235981039707934,
            "Default": 1.0
        }
    },
    "mutual_information_with_target": {
        "Age": 0.014359467771623668,
        "Income": 0.006711377249197216,
        "LoanAmount": 0.0037438923141253425,
        "CreditScore": 0.0005952872705382514,
        "MonthsEmployed": 0.004702458405435435,
        "NumCreditLines": 0.0003877507145664122,
        "InterestRate": 0.008709858902605241,
        "LoanTerm": 1.0126467680920959e-06,
        "DTIRatio": 0.0002115638498121214,
        "Default": 0.0,
        "Education": 0.00041757942472092635,
        "EmploymentType": 0.0010499992497700894,
        "MaritalStatus": 0.0003969004665309861,
        "HasMortgage": 0.00026135601919194396,
        "HasDependents": 0.0006020716104228885,
        "LoanPurpose": 0.00025636536491865924,
        "HasCoSigner": 0.000766052191736255
    }
}