{
    "logistic_regression": {
        "accuracy": 0.6904842783086443,
        "roc_auc": 0.6806046008252382,
        "f1": 0.23158435082315842,
        "precision": 0.6714862853497767,
        "recall": 0.13992024811696943
    },
    "random_forest": {
        "accuracy": 0.9070729149743756,
        "roc_auc": 0.9315671379194653,
        "f1": 0.8380354200988468,
        "precision": 1.0,
        "recall": 0.7212228622064688
    },
    "xgboost": {
        "accuracy": 0.914708532100607,
        "roc_auc": 0.9370305176479293,
        "f1": 0.8550706452179587,
        "precision": 0.9860508190079296,
        "recall": 0.7548072662826761
    }
}